Year,P,Tmax,Tmin,P_N,Tmax_N,Tmin_N,P_X,Tmax_X,Tmin_X
2017,1334.4,30.22958904,23.68774615,1152.21,30.09380822,18.26010959,1330.6,30.45561644,18.40410959
2018,1165.2,30.75221519,24.04776136,1016.38,30.23553797,18.92610759,1382.5,30.96962025,18.86835443
2019,1362.6,31.31861862,24.46497151,879.36,31.69057057,19.33174174,1259.5,31.53813814,18.9990991
2020,791,30.99537037,24.69920963,490.41,29.73101852,19.88064815,643.6,31.23518519,20.19722222
