Year,P,Tmax,Tmin,P_N,Tmax_N,Tmin_N,P_X,Tmax_X,Tmin_X
2017,553.218,28.39300546,14.46608743,441.91,30.4804918,16.21502732,512.7,29.7431694,17.00601093
2018,836.932,28.79048632,15.02454407,942.04,28.83869301,16.51234043,937.6,29.46930091,16.76960486
2019,1078.238,29.30271642,15.77131343,899.7,29.85976119,17.17014925,1190.8,30.16955224,17.77014925
2020,631.71,28.17389671,14.47902347,682.77,28.43201878,15.93981221,809.6,29.14084507,16.67558685
2012,1011.68,29.50631579,17.46602871,900.5,29.92277512,18.70770335,1116,30.98277512,18.95358852
2013,1209.532,27.02973214,14.52851488,1293.86,27.37875,15.82761905,1326.3,28.49761905,17.01755952
2014,733.822,28.31621019,14.46286943,726.55,30.31589172,16.64971338,869.4,29.70318471,17.56433121
2015,1447.3,27.84558011,15.31803315,1263.18,28.92201657,17.39726519,1464.7,29.53425414,18.10027624
