Year,P,Tmax,Tmin,P_N,Tmax_N,Tmin_N,P_X,Tmax_X,Tmin_X
2019,476.2,32.95769231,20.62582418,533.51,33.19274725,20.32549451,505.6,33.09230769,19.92362637
2020,669.8,31.98716578,22.07754011,394.32,33.87919786,21.52898396,763.3,32.07165775,21.8828877
