Year,P,Tmax,Tmin,P_N,Tmax_N,Tmin_N,P_X,Tmax_X,Tmin_X
2018,1884.2,29.31983471,17.6953168,1418.68,28.29126722,17.61424242,1609.1,29.82451791,17.39393939
2019,1611.6,30.10760563,17.89887324,1211.98,28.84639437,18.05039437,1484.8,30.0484507,17.7715493
2020,1011.6,28.83397129,16.95980861,673.87,27.58789474,17.18679426,905,28.77942584,16.84784689
